"county","state","inmetro","percwhite","percblack","percamerindan","percasian","percother","percollege","percprof","percpovertyknown","percbelowpoverty","percchildbelowpovert","percadultpoverty","percelderlypoverty"
"Adams","Illinois",0,96.7120593,2.57527614,0.14828264,0.37675897,0.18762294,19.6313918,4.35585939,96.2747768,13.1514428,18.0117169,11.0097759,12.4438118
"Alexander","Illinois",0,66.3843403,32.9004329,0.1788067,0.45172219,0.08469791,11.2433076,2.87031529,99.0871447,32.2442777,45.8265139,27.3856467,25.2289759
"Bond","Illinois",0,96.5712761,2.86171703,0.23347342,0.10673071,0.22680275,17.0338194,4.48857172,94.9569742,12.0688444,14.036061,10.85209,12.69741
"Boone","Illinois",1,95.2541713,0.41225735,0.14932156,0.48691813,3.69733169,17.2789539,4.19779992,98.4775693,7.20901869,11.1795358,5.53601292,6.21704745
"Brown","Illinois",0,90.1987663,9.37285812,0.23989034,0.08567512,0.10281014,14.475999,3.36768032,82.5051405,13.5202492,13.0228887,11.1432109,19.2
"Bureau","Illinois",0,98.5121049,0.14010312,0.18213405,0.54640215,0.61925577,18.9046238,3.27589149,98.3720018,10.3996354,14.1588185,8.17928731,11.0085864
"Calhoun","Illinois",0,99.5490417,0.01878993,0.15031943,0.28184893,0,11.9173877,3.20960089,98.4780158,15.1497806,13.7877614,12.9323308,21.0852713
"Carroll","Illinois",0,98.2981256,0.6605177,0.1785183,0.36298721,0.49985123,16.1971209,3.05572728,97.9172865,11.7107262,17.2254616,10.0270366,9.52505219
"Cass","Illinois",0,99.6055667,0.1190742,0.0595371,0.17116916,0.04465282,14.1076487,3.20679887,97.3505991,13.875086,17.9947841,11.9143432,13.6601796
"Champaign","Illinois",1,84.6733131,9.57029331,0.19130183,4.64268169,0.92241006,41.2958081,17.7574476,89.5442855,15.5724373,14.1322336,17.5627276,8.1050169
"Christian","Illinois",0,99.2968795,0.23824743,0.14817828,0.25858562,0.05810913,13.567226,3.08999782,98.1695624,11.7082988,16.3206125,9.56969969,11.4906408
"Clark","Illinois",0,99.5038,0.06281012,0.16330632,0.22611645,0.04396709,15.1108627,2.77622508,98.0780102,12.0076849,15.3215475,10.1317752,12.5954198
"Clay","Illinois",0,99.6058091,0.02766252,0.1175657,0.20055325,0.04840941,13.6830103,2.78843164,98.5338866,16.7742841,20.5825776,14.4641142,17.6700783
"Clinton","Illinois",1,96.2997879,3.00789536,0.14140938,0.30638699,0.24452039,15.3874693,2.87529565,94.8326656,10.2236719,13.2994025,9.25383422,8.32317604
"Coles","Illinois",0,97.159399,1.79110836,0.17814267,0.66028968,0.21106034,25.1750412,8.14456343,88.4768802,16.7487361,16.3419409,18.7929138,10.9936084
"Cook","Illinois",1,62.7797245,25.8007779,0.20154486,3.69368316,7.52426951,28.0181167,8.32996405,98.402685,14.1983027,22.2934971,11.6655424,10.8252688
"Crawford","Illinois",0,99.1574188,0.32367448,0.17468146,0.24660912,0.09761611,16.9858076,3.33408425,98.2480477,10.5370496,13.809825,8.87024273,10.8033875
"Cumberland","Illinois",0,99.5970009,0.04686036,0.05623243,0.24367385,0.05623243,14.5978891,2.69064962,99.2502343,12.0491029,13.6031851,9.8222638,15.2846257
"De Kalb","Illinois",1,93.6303444,2.65487861,0.1578299,2.24683057,1.31011651,32.835928,11.1509673,88.7016887,13.5446352,8.67823765,17.0474188,6.45390792
"De Witt","Illinois",0,99.2189392,0.15136837,0.22402519,0.2603536,0.14531364,16.1959601,3.30865552,98.3167837,10.3153098,13.568426,7.95599305,12.2553448
"Douglas","Illinois",0,99.054665,0.08220304,0.09761611,0.21064529,0.55487053,16.8685259,3.84063745,98.3353884,9.62904911,13.2935431,7.92479531,8.71436256
"Du Page","Illinois",1,91.4591398,1.97808271,0.12307047,5.07045209,1.3692549,42.7688669,11.9632665,98.7174829,2.71473392,2.94525227,2.39906403,3.83824912
"Edgar","Illinois",0,99.3569788,0.3470273,0.12248022,0.12248022,0.05103343,16.8399327,3.67680783,98.2801735,16.0037387,22.8276281,14.4809567,11.7620137
"Edwards","Illinois",0,99.4758065,0.08064516,0.10752688,0.25537634,0.08064516,16.9356446,2.45068739,98.7903226,12.2040816,15.1598677,10.9502501,11.8595279
"Effingham","Illinois",0,99.4290941,0.03785011,0.14193793,0.29964673,0.09147111,20.2751964,3.7839503,98.5017663,8.99484454,11.599832,6.97446574,10.5174981
"Fayette","Illinois",0,96.4342124,2.86698894,0.19145168,0.16752022,0.33982674,13.6029941,2.98690082,93.1029531,13.618137,16.6276347,12.1341463,13.4358289
"Ford","Illinois",0,99.17338,0.30122592,0.09807356,0.28021016,0.14711033,17.8273561,3.89908257,97.0928196,9.26406926,13.5712279,7.32528768,8.78740157
"Franklin","Illinois",0,99.3774647,0.08928793,0.26290335,0.2083385,0.06200551,14.7056662,2.43257147,98.4721843,20.764174,31.074742,19.3135372,13.6794859
"Fulton","Illinois",0,97.4711134,1.75420168,0.21796218,0.27573529,0.28098739,15.5321976,2.99703032,95.5698529,15.494738,22.8122252,13.9965731,11.0196033
"Gallatin","Illinois",0,99.0302504,0.60790274,0.14473875,0.15921262,0.0578955,11.3675214,2.69230769,97.5104936,21.4338726,29.7246558,20.005596,16.2300319
"Greene","Illinois",0,99.4385323,0.09140171,0.32643468,0.11098779,0.03264347,13.0495464,2.71159406,98.5571587,15.5339163,20.0300827,13.444049,14.9431818
"Grundy","Illinois",1,98.5372793,0.06494109,0.13915948,0.34944491,0.90917525,18.3778784,3.93846453,98.8929091,6.6168423,6.93047172,5.32733914,10.4620084
"Hamilton","Illinois",0,99.5646547,0.03529827,0.12942699,0.24708789,0.02353218,14.0467657,2.61136713,98.6351335,19.8496958,21.9232686,17.0501332,23.1419671
"Hancock","Illinois",0,99.5274412,0.12164881,0.11697001,0.17311561,0.0608244,20.6605223,3.86119257,97.9881158,11.7843671,14.6202065,9.82946027,12.9152053
"Hardin","Illinois",0,97.5525149,1.63808056,0.30834458,0.25052997,0.25052997,14.3184422,2.60595647,95.4711891,26.7460638,35.1417004,25.1742835,21.1961302
"Henderson","Illinois",0,99.2712451,0.09881423,0.35820158,0.12351779,0.14822134,13.7735504,2.17669654,99.1847826,12.9389788,15.6080748,10.2823529,16.2950257
"Henry","Illinois",1,97.6739186,1.28423151,0.12314549,0.25020036,0.66850408,18.7236334,4.22164378,98.6571278,10.4790775,15.1772634,8.63526345,9.01154039
"Iroquois","Illinois",0,97.9439374,0.53269237,0.13966934,0.22412057,1.15958034,15.1666829,3.22674701,98.0576217,9.19871476,11.6762716,7.9592631,9.10027978
"Jackson","Illinois",0,85.1376357,10.3853145,0.17849248,3.56657442,0.7319829,36.6436653,14.0898918,88.8041004,28.37175,26.3922105,32.4584833,13.8153008
"Jasper","Illinois",0,99.6700914,0.00942596,0.10368555,0.1602413,0.05655575,15.0256035,2.76517922,99.076256,13.1005613,17.4379611,10.0076104,14.5622525
"Jefferson","Illinois",0,94.1545111,5.19719071,0.15126958,0.34846029,0.14856834,18.3698955,3.67980685,98.5818476,16.0569941,21.1134991,13.6358867,15.631524
"Jersey","Illinois",1,99.0603243,0.46740348,0.20935781,0.15580116,0.1071133,14.7583093,3.13691913,95.4817664,9.74453113,11.8255728,8.8343212,9.29971989
"Jo Daviess","Illinois",0,99.592136,0.06415838,0.09165483,0.1328995,0.11915128,16.4133528,3.4284128,99.0330416,8.28782971,9.29164459,6.28398253,11.8393235
"Johnson","Illinois",0,90.1559884,9.21829558,0.22913545,0.12338063,0.27319996,14.3524363,3.43347639,80.9024412,15.5555556,18.5350603,12.2665006,19.8775318
"Kane","Illinois",1,84.9447666,5.98668855,0.19529343,1.40926258,7.46398884,27.5938834,7.01329983,97.8798063,6.84655982,9.59040311,5.55167946,6.31380264
"Kankakee","Illinois",1,83.3141136,14.9592229,0.15583606,0.66905615,0.90177134,17.6409622,3.99023754,96.1965612,13.2967579,19.5983276,10.888062,10.2479647
"Kendall","Illinois",1,96.4630959,0.53281912,0.18521808,0.5683404,2.25052648,24.8893485,5.25336091,99.4570319,3.38529044,4.42017237,2.35504872,5.87851078
"Knox","Illinois",0,92.9423865,5.07155143,0.15072793,0.56744631,1.26788786,19.3436365,4.21228428,94.1712624,13.8684894,19.6733764,12.8831741,9.73871734
"Lake","Illinois",1,87.2676785,6.73311155,0.23198262,2.43756027,3.32966705,37.8340529,11.4640082,95.9130007,5.15977808,6.76712484,4.19193902,6.16443033
"La Salle","Illinois",0,97.0929634,1.07844696,0.19268003,0.48918279,1.14672678,16.8995267,3.43817957,97.7177705,11.1014329,15.2417866,9.21209673,10.6971468
"Lawrence","Illinois",0,98.6664162,0.94540446,0.19408966,0.13148009,0.06260957,14.5388128,1.94520548,96.0869021,19.8475272,31.1128734,16.7597057,14.8832156
"Lee","Illinois",0,94.5859502,3.5531519,0.24424285,0.52628518,1.09036985,18.476678,4.04218702,93.5159339,8.8240781,10.5378832,7.71542507,9.5268748
"Livingston","Illinois",0,93.0027226,5.38154245,0.1577568,0.33332485,1.12465332,14.5031437,2.94816746,90.1529223,9.32516723,13.7011589,8.02005013,6.77040677
"Logan","Illinois",0,94.8860316,4.19183064,0.12013767,0.46431586,0.33768427,17.9492226,3.79846487,91.2526787,10.7813834,12.8258458,9.96479107,10.3613632
"Mcdonough","Illinois",0,93.6102599,3.55805243,0.18442856,2.27556464,0.37169447,27.9280239,10.3598807,81.7756214,19.0520801,16.0093168,22.4033816,12.8843841
"Mchenry","Illinois",1,97.6282601,0.16917611,0.16317309,0.70562811,1.33376264,28.0541488,6.41730808,99.1241043,3.49159858,4.06964667,2.87024568,5.0644731
"Mclean","Illinois",1,93.7118749,4.30639418,0.15714507,1.25716055,0.5674253,33.8185507,9.00393382,91.0845332,11.8754409,10.0105088,13.715404,7.2666025
"Macon","Illinois",1,87.1943416,12.0599628,0.13395219,0.43171851,0.18002491,19.8618556,4.98446859,97.3004795,12.7417969,19.2574786,10.9095835,8.98486907
"Macoupin","Illinois",0,98.7373896,0.79489922,0.19715179,0.18456763,0.08599174,14.0083929,3.2546369,97.2902116,13.2127536,18.5988943,10.8171077,12.460907
"Madison","Illinois",1,92.3683387,6.47413316,0.27403526,0.56973656,0.31375633,19.6994744,4.94932422,98.4480697,11.3387945,16.6709192,9.90305061,8.29181097
"Marion","Illinois",0,95.394721,3.65486875,0.2550468,0.55821563,0.13714781,16.4493851,3.31277468,98.1689565,16.3676471,22.3493101,13.9285714,14.7224835
"Marshall","Illinois",0,99.2682547,0.13233691,0.23353573,0.21796668,0.14790596,17.5348837,2.56976744,97.7969796,9.38470111,11.4717933,7.50307503,11.3305613
"Mason","Illinois",0,99.4529473,0.04917327,0.1659598,0.23357305,0.09834655,13.5054525,2.8986858,98.5002151,15.5070203,24.1131352,12.8400955,11.6038007
"Massac","Illinois",0,93.5737527,5.89750542,0.25081345,0.210141,0.06778742,14.034565,2.93007549,97.2613883,16.7410092,22.9808251,14.9682372,14.3283582
"Menard","Illinois",1,99.4356861,0.08061627,0.25976353,0.12540308,0.09853099,18.511502,3.51826793,98.2085274,9.55855527,12.4503311,7.89163722,10.1449275
"Mercer","Illinois",0,99.2192019,0.1735107,0.19086177,0.20242915,0.21399653,16.4744211,3.11702034,98.357432,10.1317182,11.4663727,9.01086957,11.4338123
"Monroe","Illinois",1,99.2864151,0.05797877,0.23637499,0.25421461,0.1650165,19.9206186,3.31896257,98.4345732,4.81174392,4.77462437,4.21197857,6.83692471
"Montgomery","Illinois",0,97.4876334,1.81918771,0.15946368,0.21478782,0.31892736,11.723732,2.5262435,94.3862275,14.0295831,17.7958446,12.2912264,13.4700076
"Morgan","Illinois",0,94.9556282,4.14869357,0.131879,0.35717229,0.40662692,20.7244228,5.65981784,92.7164327,11.1954009,12.3290901,10.1418555,12.6183885
"Moultrie","Illinois",0,99.6697775,0.05743001,0.15793252,0.09332376,0.02153625,15.7185951,2.99504417,95.879397,11.3432165,15.2669633,9.10269336,11.856585
"Ogle","Illinois",1,97.6891442,0.14361251,0.1893074,0.2959288,1.68200709,18.7793745,3.47252747,98.4159105,7.24535143,8.54618474,6.26131745,8.28708375
"Peoria","Illinois",1,84.3956308,13.6150569,0.17065313,1.21699749,0.60166168,25.838414,6.59003303,96.6197553,14.5278437,21.8711768,12.4275854,10.3180428
"Perry","Illinois",0,97.6134878,1.86344106,0.12142724,0.29422754,0.1074164,13.5622441,2.20530134,98.4961704,15.8368895,20.8596713,13.3475898,15.8660508
"Piatt","Illinois",0,99.7427322,0.05145356,0.10290713,0.07074865,0.03215848,22.011857,5.19219736,98.501415,6.13124388,7.06766917,4.61225953,9.16779432
"Pike","Illinois",0,99.5562383,0.04551402,0.13654207,0.1820561,0.07964954,12.1742809,2.30964467,98.7938784,17.9326231,23.3325587,15.0834773,18.2773589
"Pope","Illinois",0,93.1168534,6.0827807,0.34301395,0.13720558,0.32014635,14.2502659,2.48138958,95.1292019,25.1682692,36.4729459,24.4148692,15.3611394
"Pulaski","Illinois",0,66.8882095,32.7794763,0.10634056,0.09304799,0.13292569,14.3687708,2.20099668,98.9100093,30.184115,40.0374181,23.867741,31.1619718
"Putnam","Illinois",0,98.0104712,0.15706806,0.12216405,0.12216405,1.58813264,16.5212794,3.43642612,99.8603839,7.54980776,10.4780616,6.22734761,7.15517241
"Randolph","Illinois",0,91.1777463,8.24682648,0.15614608,0.24000231,0.17927884,12.7412789,2.95881297,88.7285661,11.0021183,14.2925089,8.99560578,11.678487
"Richland","Illinois",0,99.3774554,0.10275008,0.14505893,0.25989725,0.11483832,21.5077402,3.62737016,98.0840133,13.9758442,18.6600613,12.0681606,12.94943
"Rock Island","Illinois",1,89.7157803,7.05203634,0.2380264,0.6838216,2.31033532,21.3007289,4.49775112,97.2694203,13.1845267,19.375,11.7520934,9.05748897
"St Clair","Illinois",1,71.4721592,27.1160197,0.2225587,0.76354755,0.42571485,21.184251,5.38911104,97.9402858,17.43177,26.7291879,14.2654008,11.8686334
"Saline","Illinois",0,95.8607962,3.50645927,0.24857821,0.15065346,0.23351286,15.4883463,3.63485017,96.2110655,20.183989,26.6991079,18.6944068,16.8465816
"Sangamon","Illinois",1,90.8215891,8.05220141,0.16256881,0.77192156,0.19171908,28.9881549,8.169196,98.5480923,9.88816583,13.7008576,8.21267648,9.76442912
"Schuyler","Illinois",0,99.7465991,0.02667378,0.12003201,0.08002134,0.02667378,14.6365422,2.75049116,98.2261937,16.496945,21.9134153,13.6461126,16.7800454
"Scott","Illinois",0,99.8228207,0.01771793,0.10630758,0.05315379,0,13.0760986,2.25080386,98.8306166,11.5274292,14.2564802,9.37067773,13.3606557
"Shelby","Illinois",0,99.6810566,0.06289026,0.12128835,0.12128835,0.01347648,15.9511699,3.78433367,98.8724675,10.0045434,12.0917304,8.6534177,10.629843
"Stark","Illinois",0,99.4184267,0.12243649,0.12243649,0.32139578,0.01530456,16.8789809,2.9799818,98.0104071,12.4609619,19.0391459,10.4477612,9.38748336
"Stephenson","Illinois",0,92.6579539,6.41180388,0.12070257,0.63264796,0.1768917,19.8795753,3.8821106,98.2789478,9.90788777,13.5032583,8.35417318,9.50578339
"Tazewell","Illinois",1,99.1486919,0.15037351,0.1786696,0.3492546,0.17301038,20.0448263,3.92105591,98.6078324,9.13257358,12.8933916,7.91641669,7.28836792
"Union","Illinois",0,98.2632385,0.6924343,0.19297349,0.30081162,0.55054203,17.8795898,4.00264638,95.48215,18.1596624,24.9001996,14.6790039,19.010096
"Vermilion","Illinois",0,89.4614591,8.88428113,0.18695401,0.57445868,0.89284703,17.0571729,4.06114965,96.4444747,15.2386659,22.5401872,13.0433821,11.4093571
"Wabash","Illinois",0,98.8101594,0.30508733,0.08389902,0.61017466,0.19067958,24.7300469,3.92018779,98.001678,12.9426415,17.0275883,11.5272938,11.3899614
"Warren","Illinois",0,97.1273656,1.85600334,0.10426985,0.36494448,0.54741671,20.4582651,4.57446809,95.5268234,14.2334771,18.9009662,12.8320964,11.7299162
"Washington","Illinois",0,99.2716338,0.3073839,0.20715002,0.17373872,0.04009355,15.9600242,2.44296386,97.6946208,9.28180575,9.81610982,7.66360123,12.3771499
"Wayne","Illinois",0,99.4199872,0.05220115,0.17980396,0.25520561,0.09280204,15.6807027,2.75553259,98.9153761,14.3954497,19.6855936,11.6169183,14.7752126
"White","Illinois",0,99.243433,0.24815398,0.22394383,0.21183876,0.07263043,15.9287398,3.24862457,97.7605617,19.0564636,27.0340525,16.4872384,16.7161961
"Whiteside","Illinois",0,94.9307148,0.69285216,0.14122886,0.31070349,3.92450071,16.5530497,3.54177345,97.9081514,10.9610196,14.7232262,9.50370254,9.8152526
"Will","Illinois",1,84.9171455,10.7359654,0.19366774,1.33608349,2.81713792,24.7568609,5.88723167,97.5010705,6.03472031,7.46308545,4.79919768,8.5633985
"Williamson","Illinois",0,97.2320856,1.98673203,0.1939965,0.43649213,0.15069371,21.0595616,4.9802494,97.5490621,15.8013424,22.3945816,13.6188171,13.8197853
"Winnebago","Illinois",1,87.9507973,9.19525687,0.25740077,1.18064315,1.41590191,22.652364,5.1819414,98.257899,10.11722,14.5814097,8.22470776,9.62654586
"Woodford","Illinois",1,99.188436,0.19600037,0.16537531,0.31237559,0.13781276,22.8052176,4.97337437,97.0599945,7.18770706,10.0139231,5.62835021,7.15055695
"Adams","Indiana",1,98.1829876,0.11577424,0.13506995,0.19295707,1.37321113,16.1156797,4.86229924,98.0543496,11.6366022,17.1945239,9.10188775,8.71402697
"Allen","Indiana",1,87.7840418,10.0765866,0.29650707,0.87888418,0.96398037,27.3597862,6.85950941,98.4536425,7.90353294,10.533689,6.7890146,7.30149415
"Bartholomew","Indiana",0,97.0419593,1.57877374,0.15237916,0.95826068,0.26862717,22.8468145,6.84409724,98.6285876,8.54517074,10.736855,6.99242014,10.8119434
"Benton","Indiana",0,99.4492109,0.06355259,0.16947357,0.0105921,0.30717085,13.4643978,4.01453825,98.5065141,8.04301075,8.34921845,6.84232894,10.5022831
"Blackford","Indiana",0,99.3673136,0.04976185,0.3127888,0.11374138,0.1563944,12.9819635,4.42812399,98.8341508,9.85398835,12.3237451,8.33224671,10.9375
"Boone","Indiana",1,99.1270611,0.21757936,0.23592943,0.24641518,0.17301492,27.8306241,8.81396749,98.0470286,6.29645474,8.02175391,5.23959855,7.08942537
"Brown","Indiana",0,99.2045455,0.09232955,0.33380682,0.12784091,0.24147727,19.8002103,6.16193481,99.0625,6.86836822,8.09384164,6.16327041,7.44387554
"Carroll","Indiana",0,99.5268223,0.10101547,0.11696528,0.01594981,0.23924717,15.4562536,3.79870926,98.3465362,7.49270191,9.38326888,5.63980573,10.1830664
"Cass","Indiana",0,98.3130711,0.85908416,0.35925338,0.29677453,0.17181683,13.2149823,4.02420093,97.1181631,10.3468611,13.3524412,9.47268075,8.55725506
"Clark","Indiana",1,93.7477927,5.35789558,0.21873612,0.40557321,0.27000239,16.8123574,4.05476567,98.2831493,10.0649125,13.752694,8.18791412,10.9526235
"Clay","Indiana",1,99.2592593,0.45739729,0.16595831,0.06071645,0.05666869,14.1137248,4.29709205,98.5347096,11.8432404,15.1636813,9.70500549,12.9662175
"Clinton","Indiana",1,98.976561,0.11622651,0.16465423,0.19693937,0.54561891,16.045283,4.5081761,97.3171047,9.4051687,11.7393903,7.80756609,10.5207037
"Crawford","Indiana",0,99.5360097,0.09078071,0.2622554,0.11095421,0,8.54375099,2.93790694,98.648376,18.4662577,22.923588,14.3980528,24.0462428
"Daviess","Indiana",0,99.4152472,0.35956852,0.09443214,0.0726401,0.05811208,13.2391267,3.35900851,97.6864127,15.5413444,20.7750953,12.3878965,15.9292035
"Dearborn","Indiana",1,98.9828763,0.64889919,0.13647483,0.19312476,0.03862495,15.5742757,4.24491473,98.5039269,8.48015894,10.7832521,7.1425195,8.94133289
"Decatur","Indiana",0,99.149926,0.16493973,0.08035525,0.54556989,0.05920914,13.9213675,4.56068376,98.3083104,9.06431491,11.116045,7.66800916,10.0627287
"De Kalb","Indiana",1,99.108255,0.10474465,0.25761522,0.24912241,0.28026271,15.581854,4.45392413,98.6100102,6.45652112,8.76933688,4.93601463,7.47427333
"Delaware","Indiana",1,92.9574875,5.98952022,0.22898403,0.53568892,0.28831931,21.1970145,8.38844906,93.302635,16.7477272,17.661107,17.8898595,11.7679641
"Dubois","Indiana",0,99.590343,0.09012454,0.0819314,0.15020756,0.08739349,17.1676628,4.47188168,97.9981429,6.13661065,5.50713154,4.41161892,13.4687333
"Elkhart","Indiana",1,93.7944148,4.54935403,0.29001652,0.63829242,0.72792225,18.3723425,5.36649896,97.9225086,7.04203252,9.86358867,5.80470664,6.30558874
"Fayette","Indiana",0,97.8743033,1.67211224,0.14222564,0.2652316,0.04612723,11.4249881,3.78643096,98.2932923,10.7856556,14.6890163,8.84701144,10.8691186
"Floyd","Indiana",1,95.3589839,4.10222968,0.14284827,0.27172225,0.12421589,20.5498928,6.40015422,98.2982423,11.0080874,16.0648533,8.19145697,12.6123514
"Fountain","Indiana",0,99.5395328,0.02246181,0.14038634,0.15161725,0.1460018,11.1452991,3.29059829,98.6803684,9.83895749,13.1136951,7.04975016,12.6510878
"Franklin","Indiana",0,99.5709908,0.05107252,0.17364658,0.13789581,0.06639428,12.9935988,3.54975476,98.9530133,10.6270968,12.6787252,8.36868492,14.2276423
"Fulton","Indiana",0,98.4872611,0.8014862,0.24946921,0.1910828,0.27070064,13.929867,4.15961306,98.7845011,10.3379722,12.8706879,9.1876013,10.0211528
"Gibson","Indiana",0,97.5965907,1.86757748,0.11907373,0.325886,0.09087206,15.50432,3.50852069,98.2796979,9.63843897,11.1341717,7.94889993,12.2426177
"Grant","Indiana",0,91.4357751,6.80472974,0.40178511,0.50290553,0.85480457,15.5381671,5.48579121,95.2122855,13.0816506,18.2321973,11.6630942,10.2415235
"Greene","Indiana",0,99.4672805,0.03288392,0.15455442,0.21374548,0.13153568,14.9522958,4.35301133,98.5103584,13.1788897,18.2160478,11.4086437,11.5055672
"Hamilton","Indiana",1,98.0061688,0.62054784,0.14962914,1.09238452,0.13126974,42.1311499,12.0893428,99.0902915,3.59164389,4.25498008,2.92675381,5.45073375
"Hancock","Indiana",1,99.2224394,0.09664595,0.12959343,0.38658379,0.16473741,20.4899394,6.60832415,98.8160872,4.46341247,5.62774014,3.50094256,6.07751938
"Harrison","Indiana",1,99.1669455,0.41485447,0.19404483,0.12044162,0.10371362,13.1074407,3.83982155,98.8926062,9.83118509,12.58419,7.53536948,12.9673655
"Hendricks","Indiana",1,98.4177926,0.90468455,0.20735106,0.36319453,0.1069773,24.2200345,7.15965617,96.6850245,3.66904804,4.22803082,2.84384454,6.13503237
"Henry","Indiana",0,98.5604188,0.98464862,0.16203079,0.16203079,0.13087102,13.2576823,4.41714339,98.3423004,12.3508164,17.2683924,10.6034222,11.0881168
"Howard","Indiana",1,93.3104037,5.44125107,0.27960954,0.56540512,0.40333057,20.2298144,5.75881019,98.6526779,11.5152123,16.9615277,9.59316926,9.26146753
"Huntington","Indiana",1,98.8285771,0.1467807,0.4346967,0.37541988,0.21452564,16.9731386,4.84946818,97.092613,6.56452598,7.3208402,5.38424668,9.07244414
"Jackson","Indiana",0,98.8311688,0.36575669,0.17492711,0.50092764,0.12721972,13.1423129,3.82592853,98.6694938,10.4921027,13.5361596,8.64372075,11.5976685
"Jasper","Indiana",0,98.7940705,0.44471154,0.24038462,0.16025641,0.36057692,14.8558462,5.23224773,95.5528846,7.9706499,10.070028,6.37300843,9.37019969
"Jay","Indiana",0,99.0749349,0.13945705,0.14875418,0.31145407,0.32539978,12.771798,4.43545474,98.4520268,9.74078096,11.8595994,8.39788732,10.5313547
"Jefferson","Indiana",0,97.9326778,1.21824345,0.19465047,0.40943719,0.24499111,17.5460903,5.50434414,93.4624291,11.63417,15.6190216,9.61010784,12.1604938
"Jennings","Indiana",0,98.6729217,0.88331009,0.13101729,0.21554457,0.09720637,10.1458975,3.38642752,96.5893242,12.8030104,16.947001,10.3086514,14.7733961
"Johnson","Indiana",1,98.1227797,0.95903937,0.15775914,0.60606748,0.15435427,22.308069,6.24988665,97.092238,6.90263832,8.75542692,5.76260508,8.17939609
"Knox","Indiana",0,98.0518504,1.21853375,0.1730017,0.44629425,0.11031993,19.9757478,5.29506871,92.7815665,15.6978787,19.8819543,14.454248,13.9807342
"Kosciusko","Indiana",0,98.1070236,0.4732441,0.18072105,0.49315404,0.7458572,19.2629151,5.91751197,98.1866634,6.64170956,8.2147651,5.32189084,8.34152093
"Lagrange","Indiana",0,98.9110154,0.14926892,0.20015605,0.31210775,0.42745191,11.1118012,3.46583851,98.2257353,11.5079091,15.9615575,7.96751242,13.4746404
"Lake","Indiana",1,70.270651,24.5352128,0.18187782,0.58285008,4.42940828,17.6686138,4.93917308,98.7762672,13.8051489,21.5110371,11.0934323,9.95578032
"La Porte","Indiana",0,89.9314442,8.94775185,0.24190686,0.40255543,0.4763417,17.1792531,4.87860546,93.9364504,10.0542884,14.6622858,8.53452003,7.91819325
"Lawrence","Indiana",0,99.2996545,0.25445887,0.20543468,0.17975535,0.06069661,13.1476522,3.84931262,98.4032123,9.72195863,12.5923191,7.86502438,11.2748803
"Madison","Indiana",1,91.631527,7.55343655,0.22882244,0.31759637,0.26861765,16.401998,5.07268572,95.7809427,12.7249193,19.8256124,10.5838631,9.4521245
"Marion","Indiana",1,77.1538677,21.2823289,0.21300644,0.95075136,0.40004566,26.7446886,7.68654571,97.928895,12.058044,18.1554118,9.76327509,10.7259641
"Marshall","Indiana",0,98.4021621,0.18017164,0.17068892,0.35797259,0.88900479,17.7775263,5.35249519,98.3760846,7.54512374,9.9233426,5.89902569,8.81351121
"Martin","Indiana",0,99.5370817,0.11572958,0.13501784,0.13501784,0.07715305,13.5396226,3.38113208,98.4762272,13.8478112,17.9383712,11.3361763,15.455035
"Miami","Indiana",0,94.2732471,3.0219259,1.54755129,0.60709543,0.55018023,14.4075703,3.88733396,97.4903109,10.9393678,15.2701644,9.26941094,9.05255757
"Monroe","Indiana",1,94.2869203,2.60144249,0.19820514,2.48949329,0.42393878,37.7422954,17.2012272,85.9742333,19.4390189,14.3463367,22.9989983,9.5751634
"Montgomery","Indiana",0,98.649669,0.58369149,0.19746777,0.40074341,0.16842839,16.9252277,5.80860467,96.2858636,9.39771391,11.8232951,7.65231519,11.2698928
"Morgan","Indiana",1,99.4903433,0.01609442,0.24499285,0.16273247,0.08583691,14.6798142,4.43443814,98.823319,6.67728276,8.36697487,5.18163722,9.53302374
"Newton","Indiana",0,99.1513541,0.06641576,0.28780164,0.1771087,0.31731975,12.1746236,3.18664643,98.2215335,8.8580015,12.6107348,7.11798301,8.02442215
"Noble","Indiana",0,98.8885075,0.15312723,0.21913034,0.25873221,0.48050268,12.6387629,3.5592415,98.2073554,8.04881983,11.6240876,6.00627082,8.47923103
"Ohio","Indiana",1,98.8711195,0.77140169,0.1505174,0.16933208,0.03762935,10.7029216,1.79346254,99.1721543,9.88427243,8.62688713,8.58398107,15.9609121
"Orange","Indiana",0,98.9353034,0.68987995,0.21728502,0.11407464,0.043457,9.78827088,2.83985885,98.3377696,15.3455228,19.423275,12.7880658,16.7800454
"Owen","Indiana",0,99.340316,0.25461489,0.2661883,0.10416064,0.03472021,11.1649179,3.25531342,98.640125,13.5515663,17.9775281,11.1626436,14.4039735
"Parke","Indiana",0,98.780013,0.76573653,0.27255029,0.10382868,0.07787151,14.6129001,4.31633552,96.3595068,12.1961075,13.0620985,10.3266992,15.9411012
"Perry","Indiana",0,98.492699,1.09907364,0.16747789,0.16747789,0.07327158,11.0422948,2.90929835,95.0594023,11.6225293,14.1656417,9.28652322,14.5016797
"Pike","Indiana",0,99.6802302,0.02398273,0.12790791,0.15189064,0.01598849,13.842852,3.89889114,98.7848749,13.2637372,19.8807157,10.5921723,12.6115166
"Porter","Indiana",1,97.9811063,0.3521236,0.18847144,0.7321689,0.74612974,24.455887,7.83924647,97.0418515,6.11662591,7.48438387,5.48997025,5.97111701
"Posey","Indiana",1,98.5366605,1.08980283,0.14633395,0.13093038,0.09627234,17.2106825,4.59032278,98.8870918,7.62490751,8.9456869,5.92997509,11.3455809
"Pulaski","Indiana",0,98.940125,0.51411848,0.16609982,0.1581903,0.22146642,14.1710559,3.51141209,98.6079253,10.8285875,13.6955919,8.91951838,11.4992151
"Putnam","Indiana",0,96.308758,2.72472373,0.25399967,0.50799934,0.20451921,15.734664,5.5811683,86.0036286,8.27324333,10.7356154,6.72192811,9.37950938
"Randolph","Indiana",0,99.259614,0.20627671,0.18049212,0.13628997,0.21732724,12.6200972,4.53826156,98.677619,11.3516742,15.7303371,9.68322036,10.1874188
"Ripley","Indiana",0,99.5328242,0.06499838,0.17874553,0.15437114,0.06906077,13.5281456,3.99191181,98.561911,10.547358,12.9624319,8.24702723,13.6374324
"Rush","Indiana",0,98.7423465,0.78327542,0.08274036,0.33096144,0.06067626,12.8463697,3.89337075,97.021347,11.1774404,13.4143785,9.50972105,12.7012522
"St Joseph","Indiana",1,87.8292829,9.79146091,0.34243803,1.01476612,1.02205204,24.611669,8.10007576,94.9496462,9.65490781,13.8132517,8.19188249,8.14209511
"Scott","Indiana",1,99.3282836,0.07622314,0.11909866,0.23819732,0.23819732,10.5895865,3.27718224,98.308799,18.9813917,26.8822813,15.8872136,16.0839161
"Shelby","Indiana",1,98.6007393,0.81871635,0.16622423,0.35229613,0.06202397,14.7000195,3.70529607,98.6057012,7.23109825,9.41501612,5.43236263,9.82587065
"Spencer","Indiana",0,98.9994869,0.56952283,0.18984094,0.1693176,0.07183171,14.1338236,4.44479974,98.0092355,9.85760653,10.7415902,8.0898243,14.2547258
"Starke","Indiana",0,98.6767486,0.32092144,0.37807183,0.21101684,0.41324131,10.0140252,3.00841515,98.0041324,13.425739,18.5185185,11.8391095,10.2341299
"Steuben","Indiana",0,98.9069445,0.18581943,0.23318516,0.4809444,0.19310646,18.6080204,5.44738062,96.702616,5.63279454,5.03225806,5.17698213,7.88116361
"Sullivan","Indiana",0,99.5366714,0.07897647,0.20533881,0.07897647,0.10003686,15.4816696,4.12632915,98.3414942,12.5120463,15.4133002,9.67541222,15.6844106
"Switzerland","Indiana",0,99.4443009,0.19384854,0.20677178,0.12923236,0.02584647,9.47158524,3.17048853,98.0744378,15.2193965,20.3518783,11.365332,18.4300341
"Tippecanoe","Indiana",1,93.4263924,2.03678464,0.24502672,3.69148073,0.60031547,36.2454446,15.2571296,87.3382441,14.3816521,10.5675147,17.1884131,7.86494538
"Tipton","Indiana",1,99.1997022,0.06203859,0.12407718,0.3163968,0.29778522,15.4219389,4.87108743,98.8460823,6.43946526,8.11649558,5.04670768,8.19285233
"Union","Indiana",0,99.1255734,0.28669725,0.21502294,0.30103211,0.07167431,12.6449852,3.91175802,97.9931193,9.47922762,11.5527292,7.66578249,11.9592875
"Vanderburgh","Indiana",1,91.6138569,7.51856923,0.17206073,0.55556229,0.13995081,21.7585174,6.47426683,97.1943196,12.4767028,17.096145,10.8453217,11.4168894
"Vermillion","Indiana",1,99.5051571,0.08942944,0.19078281,0.16693495,0.0476957,12.2726866,3.52951715,98.3366124,11.6709106,14.7683398,9.87012987,12.5608011
"Vigo","Indiana",1,92.7469441,5.57550397,0.27990613,1.09417852,0.30346725,22.7230118,8.7526459,91.6320318,14.6943267,18.5088374,13.7729456,12.5077272
"Wabash","Indiana",0,98.2691266,0.39350994,0.73854401,0.35073712,0.24808235,16.0805162,4.98455107,94.1486783,9.1922343,10.4414545,8.93758669,8.08468078
"Warren","Indiana",0,99.5596869,0.01223092,0.20792564,0.1834638,0.03669276,13.399963,3.03535073,98.7646771,9.16408669,11.1265647,7.32876712,11.6384915
"Warrick","Indiana",1,98.5618878,0.82591273,0.18477293,0.34951024,0.0779163,23.8155668,5.85166385,98.2880677,6.58195737,8.66166853,5.20934196,8.198136
"Washington","Indiana",0,99.6120926,0.09697685,0.11805878,0.07589493,0.09697685,10.8145974,2.88211355,98.6212421,14.296708,18.0585852,11.5780578,17.1385238
"Wayne","Indiana",0,93.8583202,5.27442287,0.21264472,0.41139109,0.24322108,15.5891252,5.13486256,96.4128365,14.8926049,20.8136394,13.2868788,11.6376769
"Wells","Indiana",1,99.2677663,0.03853862,0.15415446,0.15800832,0.3815323,18.5655038,5.58672847,98.134731,5.57257304,6.61065969,4.43388757,7.49419954
"White","Indiana",0,99.4068343,0.0085966,0.21491511,0.17623039,0.1934236,16.5838347,5.16609992,98.7491941,7.70436145,8.13656669,6.16872291,11.0403397
"Whitley","Indiana",1,99.356262,0.10487867,0.26400492,0.13381071,0.14104372,15.809776,4.22016236,98.5533977,5.22549631,6.12323492,3.90956194,7.95652174
"Alcona","Michigan",0,98.8270084,0.26614096,0.55199606,0.25628388,0.09857072,14.1150923,3.24375679,98.9650074,17.250996,27.2045028,16.6173986,11.5069357
"Alger","Michigan",0,93.8698172,2.37405261,3.38831922,0.26749889,0.10031208,16.2755866,3.82759195,94.2041908,14.4817795,19.2080109,12.3091161,13.9679255
"Allegan","Michigan",1,95.8578705,1.5998409,0.59994034,0.45409849,1.48824979,18.0660208,4.03659849,98.2023887,9.49798609,11.8957846,7.93385737,10.4949449
"Alpena","Michigan",0,99.2386865,0.1143604,0.30387192,0.2777324,0.0653488,18.9337962,4.23010166,99.0981866,13.4755515,17.0423241,12.1669518,12.2930256
"Antrim","Michigan",0,98.4052791,0.12647787,1.16029695,0.1319769,0.17596921,19.039803,5.01436192,98.6637338,13.2148033,18.7581416,12.0375423,9.68128445
"Arenac","Michigan",0,98.4193959,0.06697475,0.93094903,0.25450405,0.32817628,11.8278471,2.58638315,98.2117742,20.6492089,28.9513678,18.2323366,16.0544649
"Baraga","Michigan",0,87.6414383,0.61604224,11.5413628,0.12572291,0.07543374,14.5760743,3.36817654,96.8066382,16.8181818,22.3873442,14.2559291,15.8131683
"Barry","Michigan",0,98.7454302,0.20776315,0.37557185,0.28767205,0.38356274,17.2519754,3.86303775,98.0702,9.07498319,11.6531558,8.00437796,8.27717737
"Bay","Michigan",1,96.4411983,1.11167799,0.64982143,0.38309032,1.41421193,18.2258245,3.66190503,98.86326,12.5302165,17.5860997,10.9708597,9.98930263
"Benzie","Michigan",0,97.2377049,0.24590164,1.94262295,0.28688525,0.28688525,21.4208568,4.68018721,98.9918033,12.8591538,18.6411745,11.3047574,10.3274559
"Berrien","Michigan",1,82.5756919,15.4122619,0.42446926,0.92143911,0.66613789,23.742011,6.30140996,98.1001128,14.7057709,22.975087,11.852965,10.9998965
"Branch","Michigan",0,97.0507445,1.69871332,0.53250446,0.3758855,0.34215219,16.066702,3.51281857,95.8002024,14.0848613,20.8565121,11.6031599,10.717385
"Calhoun","Michigan",1,87.3181745,10.5771352,0.51183245,0.78539807,0.80745981,21.4885192,4.76778685,96.8995897,14.2920025,21.3346103,12.370767,9.57053103
"Cass","Michigan",0,90.6016937,7.52875073,0.94791519,0.38603796,0.5356024,15.8443516,3.42639992,98.9267741,11.8824827,17.7992278,9.57841732,10.2969621
"Charlevoix","Michigan",0,97.7874045,0.07918763,1.7607602,0.19098193,0.18166574,22.6527251,5.06338179,98.9845351,10.3952941,13.8431922,8.11281337,12.0059289
"Cheboygan","Michigan",0,97.3782597,0.07010001,2.23385363,0.26638004,0.05140667,14.6477089,3.01259942,98.5933265,15.5614542,21.159054,13.3028806,14.1585593
"Chippewa","Michigan",0,81.9356144,6.31140909,11.0391862,0.43925558,0.27453474,16.9397657,3.80812889,85.2098023,17.0759004,20.9559748,16.1035046,14.3391521
"Clare","Michigan",0,98.8497916,0.16030779,0.64123116,0.21240782,0.13626162,12.0419487,2.76812389,98.2766912,23.7134002,35.978586,22.1719457,13.5634167
"Clinton","Michigan",1,97.850837,0.37662181,0.47682394,0.34379697,0.95192025,22.8647363,4.94614631,99.2743984,6.01778536,7.36650485,4.98168716,7.71621622
"Crawford","Michigan",0,96.2642741,2.15334421,1.18270799,0.34257749,0.05709625,18.7787018,4.98945017,94.3637847,14.5907166,20.8293153,12.8239203,10.9926169
"Delta","Michigan",0,97.4563261,0.04235045,2.14134463,0.26204341,0.09793542,18.912404,3.52590293,98.5759661,14.6125342,18.591133,13.127551,13.1073145
"Dickinson","Michigan",0,98.8856174,0.08572174,0.50314934,0.39506541,0.13044613,20.4206544,3.80035611,98.5986359,9.8998299,12.2511263,7.1444387,13.4107884
"Eaton","Michigan",1,94.2613508,3.56377653,0.4715813,0.60185833,1.10143305,26.9787819,6.14723821,98.6014061,6.81371478,8.91257154,5.70213714,7.35389086
"Emmet","Michigan",0,96.3338658,0.53115016,2.72763578,0.27555911,0.13178914,26.8725681,6.49319066,98.1669329,8.51470648,10.2641509,7.11646468,10.1717902
"Genesee","Michigan",1,78.2074483,19.5737573,0.72759543,0.67416409,0.81703484,20.1454244,4.80201936,98.8087135,16.4631781,25.2357066,13.84395,9.70689451
"Gladwin","Michigan",0,99.0774571,0.08677384,0.52064304,0.18268177,0.13244428,11.4331387,2.20322491,98.8354037,22.3233677,33.1810193,20.1047987,14.9024246
"Gogebic","Michigan",0,96.8646133,1.34611123,1.56769333,0.14402836,0.07755373,21.1730815,3.35280467,96.3051185,14.8806442,19.5447798,13.5987339,13.257945
"Grand Traverse","Michigan",0,98.0489475,0.40296859,0.86350412,0.49476452,0.18981532,30.9753249,7.0253565,97.8202356,8.54911566,11.2048541,7.49803127,7.69153931
"Gratiot","Michigan",0,97.037094,0.84141399,0.36940126,0.25139808,1.50069263,16.4441292,4.20595844,94.0280129,14.0803187,19.1593729,12.4962511,10.7022876
"Hillsdale","Michigan",0,98.8211186,0.26018282,0.3292579,0.25788032,0.33156041,16.4684698,4.14900401,97.0228639,12.8031705,16.4067013,11.2972735,11.509408
"Houghton","Michigan",0,97.2436946,0.44574846,0.4316425,1.72092761,0.1579868,24.7650877,7.32829604,91.542064,21.0367357,21.1989796,23.6971485,14.5784943
"Huron","Michigan",0,99.0729879,0.06294527,0.25464221,0.17166891,0.43775572,14.3082727,3.08799017,98.6638437,15.0098596,17.9445876,13.4359815,14.9548881
"Ingham","Michigan",1,84.1337013,9.87435796,0.68851273,2.68239734,2.62103068,36.7600619,12.8599826,92.7562502,16.6181628,18.9472436,17.0660584,9.3982718
"Ionia","Michigan",0,93.1905864,5.2662037,0.38755612,0.21043771,0.94521605,15.116835,3.40046614,90.654812,11.3299159,14.9650878,9.34628975,11.1096292
"Iosco","Michigan",0,95.8853322,2.09209176,0.75474196,0.89046311,0.37737098,16.2342399,3.63134313,96.3487702,14.1585927,18.5825964,12.2557611,13.2756867
"Iron","Michigan",0,98.8842505,0.03036053,0.77419355,0.24288425,0.0683112,15.4575777,3.28330206,97.8064516,17.1193543,23.3241189,14.4561646,16.5122357
"Isabella","Michigan",0,95.5843585,1.16249268,1.86731107,0.83479789,0.55103984,27.2497358,10.0030198,88.7851494,24.8546332,21.2696866,28.4791467,13.966294
"Jackson","Michigan",1,90.5185769,8.00168274,0.43737814,0.43604263,0.60631961,21.2057826,4.08144339,93.8326344,12.0132365,17.1500264,10.1758057,9.9349205
"Kalamazoo","Michigan",1,88.3694178,8.89795041,0.45521483,1.41801433,0.85940263,34.5571857,10.8520685,95.192269,13.4748672,16.1371424,13.5013362,8.63585267
"Kalkaska","Michigan",0,98.6960065,0.07409054,0.84463214,0.17040824,0.21486256,11.4555097,2.38067177,98.6960065,14.2256587,17.2608361,12.5250501,14.2446634
"Kent","Michigan",1,88.7104474,8.05263757,0.55050526,1.0746438,1.61176595,28.6383762,6.46131073,97.7616248,9.15135108,12.4240562,7.78036993,8.09425626
"Keweenaw","Michigan",0,99.2357437,0.05878895,0.23515579,0.35273369,0.1175779,14.4522145,3.57420357,99.7060553,20.5778302,21.8844985,21.2765957,19.0243902
"Lake","Michigan",0,85.4829314,13.3519748,0.94372597,0.10485844,0.11650938,11.3134379,2.00640701,97.7164162,26.4099201,37.6986038,25.0707123,18.8764973
"Lapeer","Michigan",1,97.7008881,0.64599829,0.42665311,0.3771667,0.84929382,16.1542355,3.2572573,98.0954419,8.19289921,10.8173406,6.89849757,7.908968
"Leelanau","Michigan",0,96.5571489,0.09681128,2.72886791,0.27228172,0.34489018,32.5963872,8.25918936,99.364676,9.00621118,12.8336041,7.04916163,9.20502092
"Lenawee","Michigan",1,94.3668285,1.56434475,0.33123442,0.53128689,3.20630548,18.7880617,4.58604833,95.6917661,10.4015537,13.9918186,8.62787596,10.0333983
"Livingston","Michigan",1,98.2022569,0.58195339,0.60962428,0.41506334,0.19110208,27.5866359,6.47747536,98.7158978,4.13104415,5.29198774,3.22646163,6.05403732
"Luce","Michigan",0,94.0135346,0.03470415,5.74353635,0.10411244,0.10411244,14.4056678,3.33245867,96.5816415,17.6787639,22.9434447,16.8765743,12.8350934
"Mackinac","Michigan",0,83.8954469,0.0468428,15.8422335,0.10305415,0.11242271,15.2878703,2.78088317,99.0256699,16.4049196,22.2423146,14.9934567,12.9071661
"Macomb","Michigan",1,96.6944522,1.4496794,0.36785615,1.27014218,0.21787009,20.6866911,4.43001929,98.9987455,5.19306071,7.35610433,4.10136736,5.95219197
"Manistee","Michigan",0,98.053139,0.2539384,0.88878439,0.2539384,0.55019986,16.2528217,3.39284493,98.7538208,17.6238095,25.9354583,15.3846154,14.1412138
"Marquette","Michigan",0,95.9654097,1.6505142,1.33028623,0.75895439,0.29483544,26.763554,6.7994149,93.6673861,12.6088135,14.2621599,11.84465,12.523891
"Mason","Michigan",0,97.7287857,0.60696245,0.73618671,0.29369151,0.63437365,18.5401286,4.06644439,98.4728042,14.0613194,20.0209958,12.4061605,10.7592659
"Mecosta","Michigan",0,95.7944677,2.62142168,0.69154069,0.50123298,0.39133698,25.0460405,7.84530387,87.4530932,25.0681951,25.5436141,28.2299641,13.1685725
"Menominee","Michigan",0,98.1701445,0.02808989,1.5329053,0.24077047,0.02808989,15.084171,2.65229502,98.5634029,12.7514046,14.0686721,11.3086771,14.551258
"Midland","Michigan",1,97.1117368,0.95041705,0.4415011,1.06277511,0.43356995,35.6088365,11.1854786,97.9960609,11.0851824,14.5056449,10.1340285,8.30024213
"Missaukee","Michigan",0,98.9133119,0.02469746,0.60920392,0.20581213,0.24697456,13.280021,2.39905611,98.5675475,17.2889,23.7570621,15.07431,13.2467532
"Monroe","Michigan",1,96.872006,1.7507485,0.36002994,0.42964072,0.58757485,17.4296096,4.00529827,99.0142216,8.6398101,11.9992591,6.77596351,9.38262438
"Montcalm","Michigan",0,96.5265082,1.80930662,0.72372265,0.29589702,0.64456548,14.160017,2.93698231,95.9648693,15.3187478,19.1582873,13.6934028,13.7735631
"Montmorency","Michigan",0,99.1606983,0.01119069,0.53715309,0.11190689,0.17905103,13.4575569,2.7552158,98.5116383,17.5167557,26.8328446,16.2082515,12.4022346
"Muskegon","Michigan",1,84.2423404,13.5970513,0.84159942,0.34909393,0.96991502,19.0433213,3.44965905,96.9197965,15.2551173,23.0023063,12.7038182,10.3740797
"Newaygo","Michigan",0,96.2200932,1.22506675,0.64918067,0.26961939,1.63604,15.6946934,3.84759682,98.7513743,15.8807157,21.3676748,13.1306466,14.869186
"Oakland","Michigan",1,89.5792881,7.15103102,0.36434378,2.31664686,0.58869021,36.9635114,11.220563,98.8235424,6.04364408,8.45200666,4.94988864,6.47730339
"Oceana","Michigan",0,94.464238,0.25830587,1.07775897,0.22267747,3.97701968,16.9024096,3.91641197,98.6728423,17.8868027,24.6226559,15.3972083,14.0566274
"Ogemaw","Michigan",0,98.9722178,0.09635458,0.74942455,0.10170762,0.08029549,11.6568382,2.73850876,98.3030887,21.7545197,30.5464927,19.9889197,15.6257046
"Ontonagon","Michigan",0,98.5204427,0.04517732,1.231082,0.16941495,0.03388299,15.9567602,2.66214908,98.3962051,13.1887052,16.516374,11.8080357,12.8
"Osceola","Michigan",0,98.7739502,0.28293458,0.58076045,0.21344187,0.14891294,13.6658394,2.64190217,98.545617,18.5463154,24.083319,16.2693393,16.2198036
"Oscoda","Michigan",0,99.2221372,0.0255037,0.52282581,0.06375925,0.16577404,12.9210381,2.68728143,98.4187707,17.8025395,24.3506494,17.0002669,13.5186057
"Otsego","Michigan",0,98.774851,0.10023946,0.57359247,0.45664643,0.0946706,20.0211305,4.43740095,98.4685638,9.46725484,11.4552313,7.837492,11.080502
"Ottawa","Michigan",1,95.6898939,0.53097439,0.33978101,1.30533424,2.13401645,26.9656935,6.15963951,96.894572,5.9866877,6.29788172,5.89117375,5.68246591
"Presque Isle","Michigan",0,99.308739,0.08004075,0.31288656,0.21829295,0.08004075,13.8933764,3.27409801,99.1559339,14.6987598,16.6811468,12.5114434,16.7679558
"Roscommon","Michigan",0,99.0948625,0.18709547,0.51072006,0.11630259,0.09101942,13.363353,2.81260824,99.1201456,18.0542802,26.0370913,17.9957969,13.0744236
"Saginaw","Michigan",1,78.0529003,17.3860323,0.43171374,0.60015287,3.52920083,19.7081294,4.48709151,98.5109415,17.2489104,26.2936776,14.5334371,10.8787742
"St Clair","Michigan",1,96.351137,2.05141236,0.51165123,0.32622058,0.75957887,17.641192,4.07711446,98.9657091,10.9326098,15.0850124,9.30644722,9.42984334
"St Joseph","Michigan",0,96.1774142,2.71586916,0.38361652,0.4379339,0.28516626,17.0117257,3.81423946,98.506272,11.4917375,16.6746699,9.77610991,8.22842179
"Sanilac","Michigan",0,98.2568624,0.09767582,0.48837908,0.17782008,0.97926267,13.7970398,3.11368288,98.8930074,14.2962063,18.7488829,11.9235869,14.1056347
"Schoolcraft","Michigan",0,93.4112262,0.08431703,6.25150566,0.15658877,0.09636232,14.5667198,2.76448698,98.9881956,16.6098807,20.7288216,15.3212121,14.8989899
"Shiawassee","Michigan",0,98.4463236,0.13329511,0.56901247,0.31962161,0.53174717,17.2912268,3.4712393,98.9250394,10.5882353,14.5300886,9.05735814,8.88030888
"Tuscola","Michigan",0,97.3926988,0.8612923,0.62164402,0.37118455,0.75318029,14.1243101,2.5572861,97.6161303,12.8583295,17.2158102,11.4048489,10.0748013
"Van Buren","Michigan",1,90.192692,6.69426206,0.9220668,0.30973451,1.88124465,17.8047443,4.48146625,98.6197545,15.1332262,21.0408367,12.4853114,13.4497364
"Washtenaw","Michigan",1,83.5486345,11.2109763,0.38029667,4.14367863,0.7164139,48.0785102,20.7913213,92.3389306,12.1629329,10.7978164,13.4554559,7.17477744
"Wayne","Michigan",1,57.3952011,40.2099838,0.38111709,1.02780384,0.98589422,19.4104036,4.98575079,98.7139193,20.0653001,30.56427,17.0662258,13.2473501
"Wexford","Michigan",0,98.7860395,0.12898331,0.67526555,0.33004552,0.07966616,18.2322106,3.59703561,98.7784522,14.6401413,20.1308237,12.4565469,12.323275
"Adams","Ohio",0,99.3733002,0.18525088,0.26408104,0.11824524,0.05912262,8.74173036,2.15813475,98.6480627,28.5280486,35.0246846,25.7522586,26.1800599
"Allen","Ohio",1,87.6288096,11.2186233,0.18404628,0.52116077,0.44736003,17.3660604,3.47930849,95.2512414,12.6665583,17.8579862,10.5679214,10.7444235
"Ashland","Ohio",0,98.2718336,0.96827836,0.10314269,0.57044225,0.08630307,17.2669455,4.15943951,95.7458901,11.3441498,17.2289909,9.15943446,8.67428431
"Ashtabula","Ohio",1,95.6361888,3.14362709,0.19635147,0.35062762,0.67320504,13.2435395,2.88332028,97.7159115,16.117325,23.8186247,13.6699531,11.9077683
"Athens","Ohio",0,94.3139263,2.81784749,0.28044132,2.30734353,0.28044132,29.1494085,12.0447994,85.6471141,28.6733854,29.2581157,31.7442813,14.3249554
"Auglaize","Ohio",1,99.1925535,0.14803185,0.11214534,0.3969945,0.15027476,16.1764706,3.24468854,98.4882808,6.26949967,8.14294535,5.28379951,6.08875129
"Belmont","Ohio",1,97.8135464,1.84033543,0.11396573,0.18150097,0.05065143,14.1576729,3.22746428,98.4213636,17.4190874,25.849973,15.7629051,12.5753241
"Brown","Ohio",1,98.6300978,1.16112795,0.08007779,0.08579763,0.04289882,11.4336901,3.1742386,98.4928216,14.1554633,18.6900797,11.1457233,16.3148479
"Butler","Ohio",1,94.3093671,4.50598499,0.13002652,0.91224411,0.14237732,24.2252343,6.75917712,95.9561409,10.6499292,13.1730731,10.0032732,8.52227905
"Carroll","Ohio",1,98.9932506,0.50903058,0.2450888,0.10934731,0.14328268,11.323289,3.07171222,98.3183138,11.746884,14.6183522,10.9407318,9.75813178
"Champaign","Ohio",0,96.3324912,2.754102,0.18878925,0.31372331,0.41089425,13.9121748,2.8971029,98.2925678,8.82668625,12.3796568,6.82405567,9.93365922
"Clark","Ohio",1,90.3041722,8.83170223,0.19925719,0.44256784,0.22230054,17.784992,4.60883449,96.9487895,13.4166632,20.4814416,11.095735,10.4346131
"Clermont","Ohio",1,98.5997457,0.85959504,0.14515238,0.30162398,0.09388296,19.6893454,4.5528473,98.8214692,8.69374802,11.9078721,7.0066905,9.0945467
"Clinton","Ohio",0,97.3344628,2.0217422,0.16659608,0.3896654,0.08753353,15.7631208,3.77349902,97.4756459,12.2505142,14.7371682,10.6142298,13.4121622
"Columbiana","Ohio",1,98.2387602,1.30130407,0.16070043,0.20226089,0.0969744,13.0905778,2.8797563,98.7688869,15.8916432,23.2200959,13.6442561,12.0377504
"Coshocton","Ohio",0,98.2837948,1.17142293,0.191944,0.31614305,0.03669518,11.6793426,2.42154034,98.3233127,13.188643,17.751112,11.1867496,12.1505376
"Crawford","Ohio",1,98.9367036,0.52851473,0.1399624,0.24232296,0.15249634,14.258027,2.9717682,98.5773971,11.5916845,15.418153,10.1218333,10.4140383
"Cuyahoga","Ohio",1,72.638407,24.7981787,0.17937315,1.28068039,1.10336086,25.0853882,7.35673635,98.3292733,13.7661167,21.5809764,11.6755057,10.213391
"Darke","Ohio",0,98.9705142,0.34316194,0.17904101,0.2126112,0.29467166,13.475094,3.21898496,98.0193588,8.98643378,12.1345723,7.14033102,9.59320612
"Defiance","Ohio",0,93.931385,1.25285896,0.20330368,0.30749682,4.30495553,18.1881619,3.44388802,97.5501906,8.7584015,11.4322065,7.11092484,9.76641842
"Delaware","Ohio",1,96.9504998,2.12762778,0.15538855,0.57523644,0.19124744,31.5940573,9.34232876,95.602803,5.67311599,6.5723747,4.52441077,9.06414817
"Erie","Ohio",0,90.6667188,8.22099793,0.19536592,0.34514646,0.57177093,18.7380268,4.63761175,98.2117506,8.98602233,12.6682741,7.13811263,9.33003597
"Fairfield","Ohio",1,98.2109201,1.11442959,0.18654372,0.36535506,0.12275157,21.0773874,4.84763058,97.5401359,8.77759721,11.6821249,6.9252938,10.5373526
"Fayette","Ohio",0,96.8215248,2.41025268,0.18204325,0.37136824,0.21481104,11.8740898,2.14517755,97.8882983,16.2203377,21.9505379,13.5346455,15.9820151
"Franklin","Ohio",1,81.5148574,15.8970375,0.21384657,2.02166133,0.35259721,32.204593,9.14092178,97.2650314,12.9900058,17.6378685,11.8183828,9.74934856
"Fulton","Ohio",1,96.3608499,0.24157099,0.16104733,0.35586264,2.88066913,16.4765579,3.3296989,98.6934386,6.22976707,7.58154831,4.93982309,8.1255161
"Gallia","Ohio",0,96.3720359,2.81385281,0.25521742,0.43936163,0.11953221,14.9341366,4.32451751,96.3494217,22.4885998,28.4607819,19.7789588,21.7653936
"Geauga","Ohio",1,98.1510927,1.30163074,0.1023062,0.38457272,0.06039764,31.6279977,9.12263599,99.1248505,5.55217051,8.49137931,4.10188194,5.40397817
"Greene","Ohio",1,90.7482575,7.02913019,0.29108249,1.55999737,0.37153242,31.956732,11.061762,95.175198,9.49098621,12.0735213,8.7175598,7.88356241
"Guernsey","Ohio",0,97.801353,1.57851579,0.17937679,0.36131611,0.07943829,13.5143719,2.57265364,97.6629766,17.4721872,24.3214731,15.0734936,14.3717608
"Hamilton","Ohio",1,77.6899384,20.9119308,0.13899343,1.06184515,0.19729217,29.7883109,8.6172272,97.7697558,13.2924553,19.570569,11.169832,10.6960613
"Hancock","Ohio",0,97.0031738,0.90179443,0.13885498,0.61187744,1.34429932,24.4504965,5.54564735,97.958374,7.27748528,8.45006003,6.51807196,7.93665845
"Hardin","Ohio",0,98.5535663,0.75857414,0.21214361,0.36964418,0.10607181,16.0309861,4.32513852,93.5714056,16.3821236,21.816574,14.9368203,12.5945537
"Harrison","Ohio",0,97.2645322,2.44327013,0.13677339,0.09325459,0.06216972,10.5537945,1.96718255,98.2778987,19.6988866,29.3435341,18.2995358,11.9607843
"Henry","Ohio",0,96.0251477,0.5050158,0.18208053,0.32637076,2.96138519,15.2589751,2.65826254,97.8803078,6.96360254,8.67297428,5.1076843,9.92209922
"Highland","Ohio",0,97.6153157,1.93685625,0.20432154,0.19872369,0.0447828,12.3112711,2.49297753,98.841245,16.4835476,19.4384226,14.3413749,18.1541141
"Hocking","Ohio",0,98.6918889,0.91646105,0.21540751,0.09791251,0.07833,12.85435,2.71260997,97.3524459,15.7098604,20.7745956,13.4820216,14.9915234
"Holmes","Ohio",0,99.5646747,0.1583001,0.07306158,0.13090201,0.07306158,9.33070866,1.72665917,96.8979269,17.2447377,24.5171128,12.3522422,15.3579391
"Huron","Ohio",0,97.7631579,1.06152205,0.15113798,0.27204836,0.75213371,13.4497842,2.95472321,98.7464438,9.50391645,13.0375596,8.02076192,8.16840178
"Jackson","Ohio",0,98.8918293,0.72113794,0.17532253,0.12901092,0.08269931,10.9845318,2.95255017,98.8223619,24.1882573,30.1736614,21.0996006,24.1633681
"Jefferson","Ohio",1,93.7383247,5.5891803,0.20797529,0.33126603,0.13325363,13.8431503,2.81799094,97.7732945,17.1494077,26.2505981,15.7419355,10.8577511
"Knox","Ohio",0,98.4707097,0.80256146,0.19590083,0.4107598,0.12006825,16.771139,4.2011203,93.2509005,12.4511509,18.1717025,10.5853414,9.88372093
"Lake","Ohio",1,97.3920993,1.63713057,0.11600982,0.67146483,0.18329551,23.6828055,5.20274257,98.8570713,4.89729435,7.14098582,3.93348514,4.90623387
"Lawrence","Ohio",1,97.2199761,2.52126662,0.09218229,0.12129249,0.04528253,12.2083684,3.14643413,98.6625481,23.5399216,33.2300024,21.1064359,16.3875266
"Licking","Ohio",1,97.568979,1.72798129,0.19251754,0.37022603,0.14029618,18.1793685,4.53565567,97.1769291,10.4998476,14.7950733,8.84336678,9.29430267
"Logan","Ohio",0,97.2725124,1.90025999,0.13708343,0.56724179,0.12290239,13.3233757,3.33457804,98.2415505,10.4676899,13.5485,9.22106393,9.52197379
"Lorain","Ohio",1,89.0910499,7.83030768,0.27219817,0.54550283,2.26094141,18.8616572,4.283978,97.7634015,11.4912737,17.386122,9.42837411,8.42662074
"Lucas","Ohio",1,82.2203862,14.805747,0.25175134,1.07729674,1.64481866,23.5504285,6.00589726,98.2675874,15.268812,21.4916528,13.4944573,11.4228016
"Madison","Ohio",1,91.5803388,7.45656631,0.25898349,0.42354592,0.28056545,13.3788082,2.67408771,88.7665911,8.4275468,11.2765492,7.12069334,8.11343048
"Mahoning","Ohio",1,83.4984857,14.9849324,0.16766992,0.37197042,0.97694161,18.1757973,4.52342945,98.2847821,15.9196047,25.0271849,13.8501553,10.7028532
"Marion","Ohio",0,94.8252793,4.21165635,0.23026418,0.44341413,0.28938607,15.0270375,3.04323577,95.7245543,12.7133244,18.2830355,10.7493876,10.0189036
"Medina","Ohio",1,98.4879939,0.69470553,0.14057571,0.55903362,0.11769129,23.7026065,4.88552792,98.9383265,5.52063112,7.85156137,4.21102969,6.32405892
"Meigs","Ohio",0,98.8993779,0.77000044,0.19141254,0.0870057,0.05220342,11.677498,2.38288654,98.5992082,26.0092654,34.9729464,23.6672906,19.9579341
"Mercer","Ohio",0,99.2089851,0.03549426,0.21550085,0.25353041,0.28648936,14.1000841,3.32632464,98.7779834,6.70414004,7.62704884,5.68931069,8.04411765
"Miami","Ohio",1,97.1421519,1.90916701,0.16956064,0.65034019,0.12878024,19.2777119,4.43457499,98.8678071,8.35151476,12.3240006,6.30440618,8.91394114
"Monroe","Ohio",0,99.6128283,0.12260438,0.16777441,0.07743434,0.01935859,10.513927,2.59905845,98.5739175,21.4912281,28.809219,18.6889987,19.7591146
"Montgomery","Ohio",1,80.7848953,17.7440577,0.18560183,1.02577687,0.25966829,26.5504804,7.0042796,97.933633,12.6286587,19.4520723,10.6043371,9.44086822
"Morgan","Ohio",0,95.2796956,4.01578132,0.45089474,0.08454276,0.16908553,11.3808463,2.31625835,98.0977878,21.2079862,31.325,17.9487179,14.8148148
"Morrow","Ohio",0,99.3873653,0.23063894,0.17658294,0.13694187,0.06847094,12.1051405,2.54691689,98.8864464,11.0750729,17.3749057,8.39833593,8.89809849
"Muskingum","Ohio",0,95.1954477,4.225764,0.26075937,0.18521226,0.13281669,15.3234543,3.57308674,97.4911049,14.7208439,21.3569812,12.6231667,11.137507
"Noble","Ohio",0,99.6912491,0.06175018,0.13232181,0.07939308,0.03528582,8.84588804,1.57567381,98.5885674,16.3743737,22.7357901,12.8071997,16.4845173
"Ottawa","Ohio",0,97.5018112,0.66202004,0.12740763,0.23482975,1.4739314,19.338309,4.21447403,98.4086537,6.61301787,9.54335557,5.25392428,6.72342557
"Paulding","Ohio",0,97.2276455,1.15189379,0.26356892,0.09761812,1.25927372,11.4884393,2.82594733,99.0726279,9.78914179,11.9703215,8.16975645,11.2109012
"Perry","Ohio",0,99.5278385,0.18062553,0.14576798,0.06654625,0.07922173,10.1076709,2.18432847,99.0430016,19.0657495,25.3889985,16.3782957,16.7218221
"Pickaway","Ohio",1,92.9789659,6.291576,0.26318516,0.19687079,0.26940213,13.0943276,2.93499044,87.8499637,12.0777505,16.3463189,9.94214435,12.4391393
"Pike","Ohio",0,98.1772444,1.34850922,0.29691946,0.16907914,0.00824776,12.4445328,3.23862507,98.2720937,26.5757449,36.915078,22.2239587,22.7062546
"Portage","Ohio",1,96.0816355,2.73941859,0.20479013,0.83529123,0.13886454,21.8818751,6.58680463,93.5911912,11.9088477,13.3814451,12.1537341,7.97863462
"Preble","Ohio",0,99.2670705,0.36646474,0.13212674,0.16204223,0.07229576,11.233264,2.39899486,98.7560143,10.1883173,15.565561,8.12505639,8.24067022
"Putnam","Ohio",0,98.1607972,0.07687986,0.13010438,0.07392294,1.55829563,15.7080088,2.8060715,98.7314823,5.75621444,7.14017991,4.23869967,7.95176182
"Richland","Ohio",1,91.2325487,7.91282494,0.1767919,0.45823192,0.2196025,16.7975615,3.42170274,96.9802675,11.2517167,16.4937951,8.9708687,10.6330901
"Ross","Ohio",0,92.8342709,6.44309823,0.22356844,0.38367229,0.11539016,14.1156575,2.99795744,91.5173806,17.7496887,24.8676325,15.0094603,15.4179338
"Sandusky","Ohio",0,94.059358,2.50633443,0.15170344,0.22916902,3.05343511,16.2824097,3.40061037,98.140826,8.99672757,12.030513,7.50127931,8.76451954
"Scioto","Ohio",0,96.1731423,3.05999228,0.50916877,0.15685884,0.10083783,13.7772608,3.17534167,95.5295231,25.7923269,37.6523745,23.5231677,15.1068091
"Seneca","Ohio",0,96.2181709,1.96206452,0.15067048,0.39174326,1.27735088,15.6221022,3.03005509,96.5211859,10.7518862,14.3172859,9.29836624,9.27675988
"Shelby","Ohio",0,97.4930424,1.36925303,0.10909496,0.87498608,0.15362351,17.3762105,3.66892015,98.245575,7.74582455,10.54634,5.95581568,8.73122118
"Stark","Ohio",1,92.3380987,6.81529442,0.25844363,0.41595821,0.17220507,18.9896041,4.62030329,97.7273284,11.0605711,16.399197,9.51066888,8.45844662
"Summit","Ohio",1,86.7787724,11.8808132,0.20680013,0.96875667,0.16485757,24.7331393,6.25529721,98.2737529,12.1499704,18.0813265,10.8654209,8.22432118
"Trumbull","Ohio",1,92.5825129,6.68135708,0.14968417,0.42710469,0.15934121,15.5998451,3.78849568,98.8661753,11.4047862,16.9653149,9.38910671,9.85596375
"Tuscarawas","Ohio",1,98.8310144,0.74087287,0.16410988,0.22238078,0.04162207,13.0834179,3.02036527,98.5277679,11.1222421,14.39584,9.78198126,10.4047334
"Union","Ohio",0,95.6019894,3.65353937,0.17829773,0.4129,0.15327348,16.9825108,3.84858966,94.2068879,7.43101903,9.46814728,5.77602449,9.76408912
"Van Wert","Ohio",0,98.1486345,0.63353466,0.10175945,0.25603992,0.86003151,15.1100169,3.1902344,98.4998687,7.09167861,7.60100707,6.06022585,9.22109675
"Vinton","Ohio",0,99.7567129,0.03604253,0.14417012,0.0270319,0.03604253,7.91325578,1.56541721,98.5492882,23.6079364,31.7708333,22.2259753,14.9176955
"Warren","Ohio",1,97.0300854,2.12011342,0.20279346,0.55043939,0.09656831,24.4193518,5.90832661,96.0354318,6.35232602,8.71549016,5.07858441,7.22380639
"Washington","Ohio",1,98.1928872,1.2432936,0.1783018,0.29716966,0.08834774,19.0096756,4.35524981,97.3865133,13.6737757,17.9894516,12.0116635,12.6052655
"Wayne","Ohio",0,97.7035511,1.53457979,0.12812805,0.5272962,0.10644484,18.4454309,4.79590852,96.8697332,11.6558987,17.2130572,9.51515592,8.91176271
"Williams","Ohio",0,98.4035069,0.06223617,0.12447235,0.34365191,1.0661327,14.4987147,2.70779777,98.7633943,7.55363161,10.6865843,5.92573754,7.44215134
"Wood","Ohio",1,96.4986007,1.03117358,0.17392226,0.90757401,1.38872948,29.0951102,8.33541498,92.3050437,10.5726282,8.76044005,12.2235902,6.93142742
"Wyandot","Ohio",0,99.2495731,0.08987148,0.08987148,0.29208232,0.2786016,13.7107444,2.54856904,97.7037836,8.49468795,9.99170124,7.31604292,9.76552435
"Adams","Wisconsin",0,95.6574417,2.39127662,0.79709221,0.35709731,0.79709221,12.4274917,2.39057831,92.6795052,14.4351177,22.3008305,13.3100559,10.1867572
"Ashland","Wisconsin",0,90.4458208,0.10424971,9.06359232,0.28208745,0.10424971,18.3200156,4.36562074,95.4988655,16.2203814,20.3220685,15.1600512,13.2975552
"Barron","Wisconsin",0,99.008589,0.09815951,0.51288344,0.23312883,0.14723926,19.425147,3.24452248,97.990184,11.5524279,14.4092998,9.94820158,11.7280176
"Bayfield","Wisconsin",0,90.71245,0.20702456,8.85208452,0.17133067,0.05711022,25.8228923,5.83988108,98.7507139,16.5835321,23.4879306,14.4289143,13.2549788
"Brown","Wisconsin",1,95.9027514,0.52005714,1.98824219,1.29603174,0.29291756,26.2931785,4.62450757,97.3149224,9.16570294,12.0873618,8.08561665,7.96336775
"Buffalo","Wisconsin",0,99.5362191,0.03680801,0.16195524,0.21348645,0.05153121,17.9412424,3.13971743,98.1816843,11.9067257,15.2720243,9.63907813,13.1345403
"Burnett","Wisconsin",0,95.5136044,0.1681443,4.06603485,0.18343014,0.0687863,13.6760641,2.99613046,97.9516967,15.4884519,21.0293653,13.9379475,13.1688466
"Calumet","Wisconsin",1,98.8889213,0.0845703,0.42576769,0.50450556,0.09623516,19.7803247,3.01337154,99.0114024,4.87158341,6.22784325,3.72723875,6.39097744
"Chippewa","Wisconsin",1,99.0336134,0.0592055,0.28647823,0.52711994,0.09358289,18.1533363,2.78957674,97.3701299,10.476041,13.9566861,8.59508956,10.579373
"Clark","Wisconsin",0,99.33643,0.09163586,0.287547,0.12007457,0.16431257,13.84631,2.50228403,97.7881,13.7719327,18.0444728,11.4184117,13.0776485
"Columbia","Wisconsin",0,98.6271292,0.53894606,0.30163236,0.30163236,0.23066004,20.852313,3.54624287,97.0191625,7.49359912,9.98292058,5.91446379,8.3589919
"Crawford","Wisconsin",0,99.0652447,0.31367629,0.16311167,0.35131744,0.10664994,16.599469,2.92064116,97.6286073,14.6382213,19.4600675,12.3815621,13.4865437
"Dane","Wisconsin",1,93.8793467,2.86336952,0.32717218,2.36076113,0.56935042,43.6264509,13.4715209,95.7701895,10.4930054,8.76778118,12.1680107,4.97435064
"Dodge","Wisconsin",0,97.5718074,1.49166003,0.28082916,0.25731789,0.39838556,15.9254638,2.82327846,95.1423085,6.64470071,8.39387394,5.17740489,8.25578798
"Door","Wisconsin",0,98.8205527,0.11288439,0.69287661,0.18295056,0.19073569,22.4883413,4.42167079,98.5519657,9.82305079,13.938754,8.2382666,8.65316276
"Douglas","Wisconsin",1,96.8772451,0.40710762,1.92777432,0.63700369,0.15086929,20.9940872,4.97782705,96.8101921,14.9210904,22.9435598,13.1049683,9.24704418
"Dunn","Wisconsin",0,97.2708792,0.47898855,0.26455763,1.76278927,0.22278537,26.2870159,7.50696026,91.4450416,16.6336754,15.1954674,18.6613878,11.8962601
"Eau Claire","Wisconsin",1,96.5004754,0.27939847,0.54823145,2.49345527,0.17843936,29.8544673,7.55634831,94.4531186,15.9437222,18.7430181,16.7685011,8.57514739
"Florence","Wisconsin",0,99.3899782,0.08714597,0.30501089,0.08714597,0.13071895,15.6035329,2.78050376,98.3224401,13.1398183,18.8417618,10.3640257,12.605042
"Fond Du Lac","Wisconsin",0,98.5313544,0.28529245,0.32969595,0.49731914,0.35633804,20.8318653,3.66253259,96.8029484,7.64423242,10.1088839,6.25657867,8.04270463
"Forest","Wisconsin",0,89.3573382,1.44712853,8.88787603,0.15952598,0.14813127,13.5699001,2.2467903,97.778031,21.7806782,31.751365,19.6937066,14.349332
"Grant","Wisconsin",0,99.1352712,0.15427087,0.15427087,0.47499188,0.08119519,21.6803841,5.24348422,94.0118545,13.7150754,15.1552225,12.9747224,13.6286394
"Green","Wisconsin",0,99.4528495,0.07581001,0.16810046,0.21754178,0.08569828,19.8751776,3.34381977,98.2926267,7.83675933,10.2412605,6.84171136,7.20466184
"Green Lake","Wisconsin",0,98.5791647,0.1125945,0.225189,0.55224921,0.53080264,17.3050671,3.33253031,98.3915072,9.9722086,13.5313531,8.35054909,9.42870413
"Iowa","Wisconsin",0,99.7171216,0.03473945,0.10421836,0.0942928,0.04962779,20.483251,3.94602652,98.7096774,9.99497235,12.4825175,8.10377358,11.6246499
"Iron","Wisconsin",0,99.4799285,0.01625223,0.40630587,0.03250447,0.06500894,18.7317293,2.67596132,97.854705,13.0709185,15.6467854,12.1790423,12.6623377
"Jackson","Wisconsin",0,95.3339764,0.28333735,4.0631782,0.18085363,0.13865445,15.3240741,2.43518519,97.9262117,14.6577198,20.6008584,12.3831216,12.5467626
"Jefferson","Wisconsin",0,98.4052048,0.27883098,0.25965213,0.42341,0.63290206,22.1656323,4.73302696,95.4398596,7.1956347,7.99721432,6.72824313,7.46902655
"Juneau","Wisconsin",0,98.4157044,0.14318707,0.76674365,0.36027714,0.31408776,14.3912738,2.47712878,98.5681293,12.7835052,14.7692308,11.1914696,13.9638682
"Kenosha","Wisconsin",1,92.9833595,4.13087743,0.3682293,0.52191823,1.99561557,20.3282422,4.06094512,97.9037455,10.2140341,15.6521483,8.56810674,6.94973343
"Kewaunee","Wisconsin",0,99.4067168,0.12713211,0.27545291,0.12183494,0.06886323,14.3909586,2.15989954,98.855811,8.21991212,9.8546347,6.05500821,11.6542392
"La Crosse","Wisconsin",1,96.3382497,0.44737702,0.34727897,2.72409707,0.14299722,30.4885126,7.34475813,95.2504494,13.4085401,14.452894,14.0575375,9.52813067
"Lafayette","Wisconsin",0,99.5832297,0.08708634,0.13062951,0.1181886,0.08086589,16.4620371,2.60288773,98.9736253,11.02382,13.3161512,9.61466981,11.2437186
"Langlade","Wisconsin",0,98.9028454,0.06664958,0.702384,0.11279159,0.2153294,13.6317946,2.89955927,98.6106127,14.625143,21.9306834,11.5954206,12.7876683
"Lincoln","Wisconsin",0,98.9589894,0.31119179,0.35564776,0.28896381,0.08520728,17.4417943,3.44395742,97.3326418,10.4175389,13.7597459,8.59200576,10.8202124
"Manitowoc","Wisconsin",0,97.8973154,0.14299748,0.39541911,1.33174171,0.23252633,19.0711481,2.88805899,98.4096194,8.33564984,11.7911918,6.97293058,7.29801829
"Marathon","Wisconsin",1,97.2175043,0.07712305,0.42461005,2.16551127,0.1152513,21.877375,4.05709785,98.8838821,7.91853617,10.3436458,6.21167941,9.55842757
"Marinette","Wisconsin",0,99.3390549,0.0197297,0.36993193,0.15537141,0.11591201,15.4275441,2.30720252,97.2156457,11.6593521,15.1330585,9.60642411,12.1661029
"Marquette","Wisconsin",0,98.806915,0.25160295,0.39769499,0.14609204,0.39769499,14.0016473,2.57677374,98.8718448,11.6072894,15.6430268,9.678511,11.4586466
"Menominee","Wisconsin",0,10.6940874,0,89.1773779,0,0.1285347,7.33610822,0.52029136,98.2005141,48.6910995,64.3084767,43.3124644,18.2186235
"Milwaukee","Wisconsin",1,74.9438899,20.3768471,0.72909228,1.59578849,2.35438222,25.3558337,6.20125201,97.3164108,15.8734784,27.7980262,12.8895894,7.81374777
"Monroe","Wisconsin",0,98.2256435,0.38489886,0.82166353,0.39035842,0.17743565,17.3724213,2.84473398,96.8662135,13.0026772,18.0921979,10.5513257,11.6072842
"Oconto","Wisconsin",0,99.007477,0.05955138,0.70138292,0.11910276,0.11248594,13.4311741,2.37854251,98.4251969,12.0941176,14.1166317,9.63442252,15.5886158
"Oneida","Wisconsin",0,98.8667572,0.18308659,0.70393636,0.17677326,0.06944664,21.9338239,4.97449555,97.5093911,9.61799935,13.9667073,8.10961622,8.559414
"Outagamie","Wisconsin",1,96.8208668,0.14660878,1.39847698,1.3550637,0.2789837,24.8578251,4.36272191,97.8549569,6.20236225,8.20300676,5.02296542,6.85592403
"Ozaukee","Wisconsin",1,98.4141368,0.67553652,0.1743763,0.60139226,0.13455809,37.4197798,9.36503889,98.3097857,2.1801676,1.91895478,1.9385043,3.54706685
"Pepin","Wisconsin",0,99.4793865,0.02814127,0.25327142,0.12663571,0.11256508,15.7492355,2.81782438,97.7064866,12.6152074,14.8821218,10.1239669,15.1315789
"Pierce","Wisconsin",1,98.7822371,0.25026705,0.26552724,0.5249504,0.17701816,24.464372,5.42340117,93.2611018,10.4165985,11.0331339,10.3370278,9.47141832
"Polk","Wisconsin",0,98.7777874,0.06614327,0.92313001,0.14378972,0.08914963,18.5920497,3.39329336,98.0789693,11.8223134,16.0155849,9.75664969,11.1643221
"Portage","Wisconsin",0,97.6663138,0.26219363,0.41527563,1.28002606,0.37619086,24.6343275,6.01931208,94.1372852,12.8950783,13.5589979,13.1821824,10.5094407
"Price","Wisconsin",0,99.224359,0.04487179,0.49358974,0.17307692,0.06410256,15.527175,2.81352026,97.8910256,10.8899221,12.5549585,8.14521452,14.7695725
"Racine","Wisconsin",1,86.8962602,9.71182742,0.29765646,0.57360284,2.52065313,22.9065131,4.93611711,98.490579,10.1512831,15.556437,8.42926105,6.81166261
"Richland","Wisconsin",0,99.372182,0.06848924,0.19405285,0.2168826,0.14839336,17.4993368,3.14793527,98.4761144,13.4403617,15.7928118,12.6371115,12.3541888
"Rock","Wisconsin",1,93.7588703,4.75808186,0.26449717,0.70604258,0.51250806,19.9064402,4.37028795,97.425991,9.87720628,15.2857608,8.14384062,6.8982497
"Rusk","Wisconsin",0,98.2890112,0.20558392,0.54380264,0.7560183,0.20558392,16.7559769,3.01937345,97.8048942,16.5785191,20.7524272,15.806851,13.1289074
"St Croix","Wisconsin",1,99.2915564,0.08756045,0.24079123,0.2945215,0.08557044,28.5880867,5.38010559,98.2826212,6.40236495,7.89210789,4.97251286,9.30721916
"Sauk","Wisconsin",0,98.9015434,0.11495476,0.61309207,0.16817456,0.20223523,19.833921,3.97073846,98.3352847,9.69194467,13.1041039,8.14808827,9.14033299
"Sawyer","Wisconsin",0,84.3523024,0.1269304,15.2810098,0.10577533,0.13398209,17.9479167,4.04166667,97.9973204,20.5440023,29.0735695,19.1953682,14.1793182
"Shawano","Wisconsin",0,94.8704147,0.11303388,4.74204053,0.18838981,0.08612105,14.8077953,2.45560546,97.9330947,11.2973701,14.932266,9.10511287,11.9495299
"Sheboygan","Wisconsin",1,96.6421826,0.41395112,0.34367569,1.98407732,0.61611329,20.8371926,3.83638591,97.3150938,6.48642767,8.67791176,5.14637904,7.23178521
"Taylor","Wisconsin",0,99.5026718,0.01058145,0.20633829,0.23279192,0.04761653,15.0650908,3.0061665,98.4233638,12.664624,15.9650375,10.265319,13.8896828
"Trempealeau","Wisconsin",0,99.5922891,0.0475003,0.12666746,0.18208447,0.05145865,17.5516579,2.87121576,97.1103986,10.6754168,12.9199756,7.8841449,14.5652992
"Vernon","Wisconsin",0,99.578405,0.04684389,0.14053168,0.16395362,0.07026584,18.9421311,3.62494817,97.9310614,15.8249292,21.2011051,13.4496431,14.5714286
"Vilas","Wisconsin",0,91.0148529,0.05082736,8.66324053,0.21460439,0.05647484,19.2118611,4.31525556,98.5260067,14.7369024,23.0433667,14.2519778,9.17322835
"Walworth","Wisconsin",0,96.996,0.60533333,0.268,0.65866667,1.472,23.1569039,6.08232425,95.404,9.64180398,8.69961284,10.9266098,6.89418232
"Washburn","Wisconsin",0,98.6421725,0.18152774,0.88585536,0.23961661,0.05082777,19.0168872,4.02280305,98.2573337,15.8660952,21.4185982,13.6424832,14.329455
"Washington","Wisconsin",1,99.0947046,0.13112622,0.21819402,0.35351628,0.20245888,23.3909001,4.01456791,98.7569235,3.23762786,4.06985404,2.58450033,4.28088917
"Waukesha","Wisconsin",1,97.8990204,0.35968036,0.22053394,0.8857457,0.63501961,35.3967841,7.66709049,98.3876737,3.1210599,3.78581963,2.59006144,4.08547929
"Waupaca","Wisconsin",0,99.1128752,0.0477182,0.27112615,0.19954885,0.36873156,16.5498688,3.13859643,96.3300364,8.48869675,10.071411,6.95379864,10.338641
"Waushara","Wisconsin",0,98.4988393,0.14960021,0.36110395,0.221821,0.76863554,15.064584,2.62090718,98.8547846,13.7869853,20.0507078,11.6957841,11.8045576
"Winnebago","Wisconsin",1,97.5071266,0.49672178,0.4881699,1.23147092,0.27651083,24.9955036,5.65984712,95.4603763,8.80403135,10.5920306,8.66058681,6.66109376
"Wood","Wisconsin",0,98.0327423,0.1222743,0.65348821,0.98091162,0.21058352,21.6663817,4.5837251,98.7500849,8.52583064,11.1629965,7.37565628,7.88291776
